{
  "waypoints": [
    [
      0,
      0.1,
      0.8,
      1.8,
      2.5,
      1.8,
      -1.5,
      -2.8,
      -1,
      0
    ],
    [
      0,
      0.045,
      0.4,
      0.6,
      0,
      -0.6,
      -0.6,
      0,
      0.4,
      0
    ],
    [
      0,
      -0.5,
      -1,
      -1,
      -1,
      -1,
      -1,
      -1,
      -1,
      -1
    ]
  ],
  "waypoint_times": [
    0,
    1.6,
    3.2,
    4.8000000000000007,
    6.4,
    8,
    9.6000000000000014,
    11.200000000000001,
    12.8,
    14.4
  ],
  "piecewise_polynomial_coefficients": [
    [
      -0.00051053766952618485,
      0.003248071843106506,
      -0.012298491939633898,
      0.028712474541940678,
      0,
      0,
      0,
      0
    ],
    [
      0.0009866768081132132,
      -0.006277299504230378,
      0.011655704700819936,
      0.00024578608161110536,
      0,
      0,
      0,
      0
    ],
    [
      0.050171810558153271,
      -0.31919624345417813,
      0.74217048573997013,
      -0.65212807529995132,
      0,
      0,
      0,
      0
    ],
    [
      -5.1582603667843789E-5,
      0.00032815974803025445,
      0.000797580933733388,
      -0.014302774775191384,
      0.017895400315842743,
      0.14415494863572242,
      0.21182140457022888,
      0.1
    ],
    [
      9.9680890330846044E-5,
      -0.000634166463768325,
      0.0021832200963546626,
      -0.013523091953173237,
      0.012042675414526209,
      0.081376468651534972,
      0.10690338402405433,
      0.045
    ],
    [
      0.0050683821104471859,
      -0.032245368708059677,
      0.088091019030215767,
      -0.15637555835187272,
      0.18559770784422275,
      0.052229192625871,
      -0.55491199964303928,
      -0.5
    ],
    [
      -5.2883713474295291E-6,
      3.3525662285475757E-5,
      0.0019473406881786359,
      -0.0023274358555728128,
      -0.038173251082090222,
      0.063932041673945061,
      0.61694052352203521,
      0.8
    ],
    [
      1.0132092710748935E-5,
      -6.43651188449304E-5,
      0.0038715671069365861,
      -0.0068687275841544529,
      -0.047701191430471142,
      -0.019499958922561348,
      0.28158151921142122,
      0.4
    ],
    [
      0.00051201054961150141,
      -0.0032574436454861229,
      0.0075557751200929536,
      -0.0013617857060956235,
      -0.039051168032583322,
      0.095591634361188435,
      -0.071348617694386426,
      -1
    ],
    [
      -1.3011132385666772E-6,
      7.0968922739060923E-6,
      -0.008139494929927174,
      0.013825518374808197,
      -0.0016835221521219695,
      -0.07315470141610364,
      0.5555184224334534,
      1.8
    ],
    [
      1.6400365551961649E-6,
      -9.4847237346800174E-6,
      -0.0039375593088691674,
      0.023004361119013772,
      0.0045023383303713369,
      -0.19948619688252256,
      -0.13569680628137692,
      0.6
    ],
    [
      5.1723384526685368E-5,
      -0.00032906773976611512,
      -3.9338765354524083E-5,
      0.0035519880032880424,
      -0.0037456050876809163,
      -0.010760977293044921,
      0.015097931312975937,
      -1
    ],
    [
      -7.7227648620720865E-6,
      3.7443284019120973E-5,
      0.020843412048037427,
      -0.051142844985364942,
      -0.12128834149455688,
      -0.20185821132506948,
      0.26858994541257408,
      2.5
    ],
    [
      6.2682754938496153E-6,
      -3.0482133811738546E-5,
      0.00024794284432899368,
      -0.0086791985086573931,
      0.050527927641554851,
      0.01361833594191271,
      -0.49200128927504438,
      0
    ],
    [
      5.2232956613838057E-6,
      -3.32337522272559E-5,
      0.00049085965725072266,
      -0.0023726149242711764,
      0.0028869195477886894,
      0.0032482020248675329,
      -0.0058254556118541466,
      -1
    ],
    [
      -7.5926534217070216E-5,
      0.00036733593647528425,
      -0.024208809167849919,
      0.11650618379634267,
      0.0862847359427782,
      -0.71386992763070523,
      -1.4623294774763469,
      1.8
    ],
    [
      6.1042721529280079E-5,
      -0.00029533663327666894,
      0.0026280473804122413,
      -0.0074270594558805214,
      0.00026908955878811845,
      0.13137940303117296,
      -0.19562514776992621,
      -0.6
    ],
    [
      5.0957208393825365E-7,
      -3.2697824849332745E-6,
      -0.00017089450744417318,
      0.00098776153707830021,
      -0.0012562190587799408,
      -0.0013491738815403327,
      0.002474438942521159,
      -1
    ],
    [
      -0.00075154259383759261,
      0.0036359161913687974,
      -0.0011948655847556036,
      -0.068294561608461923,
      0.22485523274589919,
      0.51763046066653,
      -1.9542894895841891,
      -1.5
    ],
    [
      0.00060415894025954344,
      -0.0029228842022474685,
      -0.0019872658846762092,
      0.0064663674137912805,
      0.0098216802751242924,
      0.11064511385677353,
      0.1798743783132615,
      -0.6
    ],
    [
      -1.2757482053967842E-7,
      5.3592736620206869E-7,
      7.836987633826314E-5,
      -0.00043450968393065096,
      0.00053957841311352839,
      0.00058392838561067625,
      -0.0010529385661619561,
      -1
    ],
    [
      -0.007439499400984601,
      0.035991825958565121,
      -0.058713962849166294,
      0.0099420625547681236,
      -0.11735010012533006,
      0.69092412182142038,
      0.41141523952945147,
      -2.8
    ],
    [
      0.005980546678278467,
      -0.028933505372901805,
      0.071198226638964329,
      -0.080009877713648453,
      -0.10053068769145079,
      0.021419342036876902,
      0.537256244124491,
      0
    ],
    [
      -1.7853202895721615E-6,
      8.6290561463163779E-6,
      -5.3404851679462414E-5,
      0.00020779850864755439,
      -0.0002203741619763581,
      -0.00026554213593507419,
      0.00042734710904950224,
      -1
    ],
    [
      -0.073643451422975015,
      0.35628234343487564,
      -0.57029069719535719,
      0.4093161200625694,
      -0.31479058078804456,
      -0.224614647226238,
      1.3507865537556525,
      -1
    ],
    [
      0.0592013078400085,
      -0.28641216951174331,
      0.43007653908312815,
      -0.20907429263489136,
      0.21164181162743614,
      -0.30115750972768879,
      -0.26211618463946862,
      0.4
    ],
    [
      -1.7725628075115907E-5,
      8.5754634095991378E-5,
      -0.0001144377900477167,
      -1.0833324646242204E-5,
      3.975474314378086E-5,
      0.00013612574836149394,
      -0.00012703636229133676,
      -1
    ]
  ]
}