{
  "waypoints": [
    [
      0,
      0.1,
      0.8,
      1.8,
      2.5,
      1.8,
      -1.5,
      -2.8,
      -1,
      0
    ],
    [
      0,
      0.045,
      0.4,
      0.6,
      0,
      -0.6,
      -0.6,
      0,
      0.4,
      0
    ],
    [
      0,
      -0.5,
      -1,
      -1,
      -1,
      -1,
      -1,
      -1,
      -1,
      -1
    ]
  ],
  "waypoint_times": [
    0,
    2.4,
    4.8,
    7.1999999999999993,
    9.6,
    12,
    14.399999999999999,
    16.8,
    19.2,
    21.599999999999998
  ],
  "piecewise_polynomial_coefficients": [
    [
      -2.9880576925884865E-5,
      0.00028515308376566531,
      -0.0016195544945266651,
      0.0056715999099206608,
      0,
      0,
      0,
      0
    ],
    [
      5.77478881669435E-5,
      -0.00055109350922081266,
      0.0015349076147328237,
      4.855033728881879E-5,
      0,
      0,
      0,
      0
    ],
    [
      0.0029364388438463561,
      -0.028022715474894079,
      0.097734384953895151,
      -0.12881542228190809,
      0,
      0,
      0,
      0
    ],
    [
      -3.0190092872850077E-6,
      2.8809635102618206E-5,
      0.00010503123361132983,
      -0.0028252394613193744,
      0.0053023408344653024,
      0.064068866060229421,
      0.14121426971298809,
      0.1
    ],
    [
      5.8340895952598632E-6,
      -5.567442199037672E-5,
      0.0002875022347119257,
      -0.0026712280399461092,
      0.0035682001228791024,
      0.036167319400659918,
      0.0712689226824971,
      0.045
    ],
    [
      0.00029664056248945034,
      -0.0028308691322122027,
      0.011600463411583797,
      -0.03088899918066703,
      0.054991913435228315,
      0.023212974500133866,
      -0.36994133309511784,
      -0.5
    ],
    [
      -3.0951608520845785E-7,
      2.9432685452188712E-6,
      0.00025643992457338374,
      -0.0004597404144087155,
      -0.011310592913551156,
      0.028414240743833412,
      0.41129368234822139,
      0.8
    ],
    [
      5.9300774073150135E-7,
      -5.6507102273175212E-6,
      0.00050983599816724757,
      -0.0013567856962573585,
      -0.014133686349642276,
      -0.0086666484098157637,
      0.18772101280778572,
      0.4
    ],
    [
      2.9966781130045819E-5,
      -0.00028597584808112231,
      0.00099499919247622234,
      -0.0002689947069349941,
      -0.011570716454230787,
      0.042485170826930582,
      -0.047565745129472606,
      -1
    ],
    [
      -7.61511615318504E-8,
      6.2304720857155437E-7,
      -0.0010718676465729443,
      0.0027309665946967229,
      -0.0004988213794675522,
      -0.032513200629171554,
      0.37034561495530588,
      1.8
    ],
    [
      9.5987605826407968E-8,
      -8.3267889339186748E-7,
      -0.00051852632622467613,
      0.0045440713286945249,
      0.0013340261737321054,
      -0.0886605319474327,
      -0.090464537521502492,
      0.6
    ],
    [
      3.0272488420864663E-6,
      -2.8889348888190647E-5,
      -5.1804135743931451E-6,
      0.00070162725997258385,
      -0.0011098089149435045,
      -0.0047826565746897183,
      0.01006528754207084,
      -1
    ],
    [
      -4.519953374144961E-7,
      3.2872014699241525E-6,
      0.0027448114644722022,
      -0.010102290369259668,
      -0.035937286367954756,
      -0.089714760588841272,
      0.17905996360790011,
      2.5
    ],
    [
      3.6686759732116606E-7,
      -2.6760727977131429E-6,
      3.2650911849609431E-5,
      -0.0017144095854783885,
      0.014971237821898659,
      0.0060525937519262142,
      -0.328000859516883,
      0
    ],
    [
      3.0570729054403E-7,
      -2.917640798084828E-6,
      6.4639954861077592E-5,
      -0.00046866467639845546,
      0.0008553835697206587,
      0.0014436453444018687,
      -0.0038836370746130025,
      -1
    ],
    [
      -4.4438027600888923E-6,
      3.2248972210570025E-5,
      -0.0031879913344258115,
      0.023013567174392225,
      0.025565847685404073,
      -0.31727552339234116,
      -0.9748863183168559,
      1.8
    ],
    [
      3.5726878813566992E-6,
      -2.5928044783605508E-5,
      0.00034608031398685688,
      -0.0014670734736192592,
      7.9730240619190761E-5,
      0.058390845791145993,
      -0.13041676518051154,
      -0.6
    ],
    [
      2.98240634427064E-8,
      -2.87059093432542E-7,
      -2.2504626494682395E-5,
      0.00019511339004223041,
      -0.00037221305445771024,
      -0.0005996328362467523,
      0.0016496259616997613,
      -1
    ],
    [
      -4.398603203918622E-5,
      0.00031920251904253924,
      -0.00015734855471438459,
      -0.013490283774973843,
      0.066623772667596073,
      0.23005798251796983,
      -1.3028596597257964,
      -1.5
    ],
    [
      3.5360011140224248E-5,
      -0.00025660437442764174,
      -0.00026169756512565544,
      0.0012773071438498132,
      0.0029101274885860364,
      0.049175606158088435,
      0.11991625220939868,
      -0.6
    ],
    [
      -7.4666561652997679E-9,
      4.7049864779996349E-8,
      1.0320312933594103E-5,
      -8.582907336970149E-5,
      0.00015987508536871998,
      0.000259523726941126,
      -0.00070195904411609819,
      -1
    ],
    [
      -0.00043541651734502093,
      0.0031597762162860438,
      -0.00773187988302196,
      0.0019638642113896641,
      -0.034770400039201108,
      0.30707738747490276,
      0.27427682635465206,
      -2.8
    ],
    [
      0.00035002742332059195,
      -0.0025401156979597381,
      0.00937589815796913,
      -0.015804420288744903,
      -0.029786870427240254,
      0.0095197075717710251,
      0.35817082941642991,
      0
    ],
    [
      -1.0449062508831869E-7,
      7.5755774126650989E-7,
      -7.0327376697174434E-6,
      4.104661899239029E-5,
      -6.5296047993662084E-5,
      -0.00011801872708359843,
      0.00028489807270294074,
      -1
    ],
    [
      -0.0043101791413723087,
      0.031278559643337131,
      -0.075100009508231938,
      0.080852566928188957,
      -0.093271283198511759,
      -0.099828732100628537,
      0.9005243691713426,
      -1
    ],
    [
      0.0034649142220087021,
      -0.025144552604642892,
      0.056635593624240671,
      -0.041298625705750769,
      0.062708684926555888,
      -0.13384778210113876,
      -0.17474412309287787,
      0.4
    ],
    [
      -1.0374395947171378E-6,
      7.5285275476510982E-6,
      -1.5069997043370975E-5,
      -2.1399159793045186E-6,
      1.1779183153853986E-5,
      6.0500332605803224E-5,
      -8.4690908195214878E-5,
      -1
    ]
  ]
}