{
  "waypoints": [
    [
      0,
      0.1,
      0.8,
      1.8,
      2.5,
      1.8,
      -1.5,
      -2.8,
      -1,
      0
    ],
    [
      0,
      0.045,
      0.4,
      0.6,
      0,
      -0.6,
      -0.6,
      0,
      0.4,
      0
    ],
    [
      0,
      -0.5,
      -1,
      -1,
      -1,
      -1,
      -1,
      -1,
      -1,
      -1
    ]
  ],
  "waypoint_times": [
    0,
    1.2,
    2.4,
    3.5999999999999996,
    4.8,
    6,
    7.1999999999999993,
    8.4,
    9.6,
    10.799999999999999
  ],
  "piecewise_polynomial_coefficients": [
    [
      -0.0038247138459438566,
      0.01824979735894211,
      -0.051825743822474533,
      0.09074559855785902,
      0,
      0,
      0,
      0
    ],
    [
      0.0073917296858686792,
      -0.035269984592208307,
      0.049117043674363266,
      0.000776805395251761,
      0,
      0,
      0,
      0
    ],
    [
      0.37586417201073447,
      -1.7934537903867882,
      3.1275003185159309,
      -2.0610467565065664,
      0,
      0,
      0,
      0
    ],
    [
      -0.00038643318728042754,
      0.0018438166402358295,
      0.0033609994842307375,
      -0.045203831384467687,
      0.04241872667590816,
      0.25627546424015824,
      0.28242853942575491,
      0.1
    ],
    [
      0.00074676346866669118,
      -0.0035631630096246325,
      0.0092000715143300844,
      -0.042739648641030581,
      0.02854560098292476,
      0.14466927760268103,
      0.14253784536517886,
      0.045
    ],
    [
      0.037969991997132226,
      -0.18117562445534285,
      0.37121482916170206,
      -0.4942239868858872,
      0.43993530748155318,
      0.0928518980006467,
      -0.7398826661906206,
      -0.5
    ],
    [
      -3.9618051276590124E-5,
      0.00018836915718283229,
      0.0082060776266270931,
      -0.0073558466501444184,
      -0.090484743310146845,
      0.11365696297695912,
      0.82258736469847793,
      0.8
    ],
    [
      7.5904987493501789E-5,
      -0.00036164544299365739,
      0.016314751927045967,
      -0.0217085711325286,
      -0.1130694907983634,
      -0.034666593639651591,
      0.37544202561551382,
      0.4
    ],
    [
      0.003835747984416305,
      -0.01830245427610025,
      0.031839974157168105,
      -0.00430391530894107,
      -0.0925657316348923,
      0.16994068330784412,
      -0.095131490258818077,
      -1
    ],
    [
      -9.7473476940899E-6,
      3.9875015537459239E-5,
      -0.03429976467895067,
      0.043695465503038183,
      -0.0039905710244760931,
      -0.13005280251995219,
      0.74069122990713543,
      1.8
    ],
    [
      1.228640291769E-5,
      -5.32914056519028E-5,
      -0.016592842505282829,
      0.072705141304347312,
      0.010672209377373003,
      -0.35464212779028836,
      -0.18092907504204594,
      0.6
    ],
    [
      0.00038748785175255591,
      -0.0018489183286757788,
      -0.00016577323467051913,
      0.011226036159753299,
      -0.0088784713195692276,
      -0.019130626298702234,
      0.020130575084068347,
      -1
    ],
    [
      -5.785540776870218E-5,
      0.000210380916038749,
      0.087833966826029744,
      -0.16163664588009616,
      -0.28749829095621532,
      -0.3588590423553874,
      0.35811992722131564,
      2.5
    ],
    [
      4.6959045913422521E-5,
      -0.00017126863094608227,
      0.0010448291333912515,
      -0.027430553331642876,
      0.11976990256097503,
      0.0242103750093858,
      -0.65600171903297944,
      0
    ],
    [
      3.9130533190737892E-5,
      -0.00018672901108049346,
      0.0020684785555470384,
      -0.0074986348223318264,
      0.0068430685577295309,
      0.0057745813775852894,
      -0.0077672741491926324,
      -1
    ],
    [
      -0.00056880675383900233,
      0.0020639342249623542,
      -0.10201572270547191,
      0.36821707478154331,
      0.20452678149857145,
      -1.2691020935686406,
      -1.9497726366406334,
      1.8
    ],
    [
      0.00045730404723971757,
      -0.0016593948604564058,
      0.011074570040739206,
      -0.023473175573596163,
      0.00063784192061892874,
      0.23356338316719255,
      -0.26083353036064721,
      -0.6
    ],
    [
      3.8174801204877472E-6,
      -1.8371781977180004E-5,
      -0.00072014804783203563,
      0.00312181424065821,
      -0.0029777044356481428,
      -0.0023985313449768177,
      0.0032992519233848642,
      -1
    ],
    [
      -0.0056302121019630022,
      0.020428961227031316,
      -0.0050351537727397772,
      -0.21584454037878409,
      0.53299018133930209,
      0.92023193006553916,
      -2.6057193194502237,
      -1.5
    ],
    [
      0.004526081424528542,
      -0.016422679959484255,
      -0.0083743220865612356,
      0.020436914301168091,
      0.023281019909099573,
      0.196702424633266,
      0.23983250441770243,
      -0.6
    ],
    [
      -9.5573198898414472E-7,
      3.0111913460442873E-6,
      0.00033025001388043779,
      -0.0013732651739133022,
      0.0012790006829453639,
      0.0010380949077596639,
      -0.0014039180882259362,
      -1
    ],
    [
      -0.055733314218037233,
      0.20222567783343723,
      -0.24742015624456648,
      0.031421827376906721,
      -0.27816320031270181,
      1.2283095498978081,
      0.54855365270991019,
      -2.8
    ],
    [
      0.044803510185336876,
      -0.16256740467048336,
      0.30002874105498939,
      -0.252870724614962,
      -0.23829496342502321,
      0.038078830288421489,
      0.71634165883469825,
      0
    ],
    [
      -1.3374800010734533E-5,
      4.8483695438722759E-5,
      -0.00022504760543001789,
      0.00065674590387888778,
      -0.00052236838394674511,
      -0.00047207490833235785,
      0.00056979614540337556,
      -1
    ],
    [
      -0.55170293009165927,
      2.0018278171566757,
      -2.403200304239181,
      1.2936410708400461,
      -0.74617026559017741,
      -0.39931492840206445,
      1.8010487383439644,
      -1
    ],
    [
      0.44350902041569384,
      -1.6092513666916608,
      1.8123389959692775,
      -0.66077801129108937,
      0.50166947941402862,
      -0.535391128403573,
      -0.3494882461868804,
      0.4
    ],
    [
      -0.00013279226812290545,
      0.00048182576304611757,
      -0.0004822399053878712,
      -3.42386556688723E-5,
      9.4233465230689656E-5,
      0.00024200133042212875,
      -0.00016938181638969152,
      -1
    ]
  ]
}