{
  "waypoints": [
    [
      0,
      0.1,
      0.8,
      1.8,
      2.5,
      1.8,
      -1.5,
      -2.8,
      -1,
      0
    ],
    [
      0,
      0.045,
      0.4,
      0.6,
      0,
      -0.6,
      -0.6,
      0,
      0.4,
      0
    ],
    [
      0,
      -0.5,
      -1,
      -1,
      -1,
      -1,
      -1,
      -1,
      -1,
      -1
    ]
  ],
  "waypoint_times": [
    0,
    2,
    4,
    6,
    8,
    10,
    12,
    14,
    16,
    18
  ],
  "piecewise_polynomial_coefficients": [
    [
      -0.00010706750949493741,
      0.00085146254542782138,
      -0.0040299698392900554,
      0.011760629572828349,
      0,
      0,
      0,
      0
    ],
    [
      0.00020692112413758036,
      -0.0016455564011499306,
      0.0038193413161410647,
      0.00010067397921696717,
      0,
      0,
      0,
      0
    ],
    [
      0.010521791285581802,
      -0.083675380044202455,
      0.24319442476769373,
      -0.26711165964323264,
      0,
      0,
      0,
      0
    ],
    [
      -1.0817655967085861E-5,
      8.6025108535548554E-5,
      0.00026135132128893036,
      -0.0058584165487900949,
      0.0091624449623092623,
      0.092259167126752972,
      0.16945712365571106,
      0.1
    ],
    [
      2.0904597868238358E-5,
      -0.00016624293356611814,
      0.00071539756134822506,
      -0.0055390584642198617,
      0.0061658498124337133,
      0.052080939936961994,
      0.085522707219076635,
      0.045
    ],
    [
      0.0010629167679287821,
      -0.00845292993432018,
      0.028865665114952661,
      -0.0640514286995255,
      0.095026026415317044,
      0.033426683280319093,
      -0.44392959971414697,
      -0.5
    ],
    [
      -1.1090516996162035E-6,
      8.7885500960962291E-6,
      0.00063810459975781244,
      -0.0009533177302156145,
      -0.0195447045523374,
      0.040916506671407338,
      0.49355241881783435,
      0.8
    ],
    [
      2.1248538688513851E-6,
      -1.6872929904540367E-5,
      0.001268635110320819,
      -0.0028134308196808159,
      -0.024423010011761687,
      -0.012479973710265577,
      0.22526521536922922,
      0.4
    ],
    [
      0.00010737639476762034,
      -0.00085391930663427263,
      0.0024758763902137586,
      -0.00055778742350336542,
      -0.019994198033877933,
      0.061178645991149361,
      -0.057078894155020259,
      -1
    ],
    [
      -2.7286318131591112E-7,
      1.8604073899694106E-6,
      -0.002667149697479952,
      0.0056629323242042744,
      -0.00086196334014235665,
      -0.04681900890622577,
      0.44441473794617359,
      1.8
    ],
    [
      3.4394053290859654E-7,
      -2.4863630551136675E-6,
      -0.0012902594350073574,
      0.0094225863146090109,
      0.0023051972254645504,
      -0.12767116600471987,
      -0.10855744502551316,
      0.6
    ],
    [
      1.0847179926141963E-5,
      -8.6263133537458771E-5,
      -1.289052673565419E-5,
      0.0014548942862697566,
      -0.001917749804944775,
      -0.0068870254674369162,
      0.012078345050193241,
      -1
    ],
    [
      -1.6195814435555258E-6,
      9.8155338234433589E-6,
      0.0068299692565936118,
      -0.020948109303521884,
      -0.062099630844805617,
      -0.12918925524874145,
      0.21487195632943254,
      2.5
    ],
    [
      1.3145525859152559E-6,
      -7.9907080599107469E-6,
      8.1245910152735268E-5,
      -0.0035549997078438795,
      0.025870298951640922,
      0.0087157350029660862,
      -0.39360103141976971,
      0
    ],
    [
      1.0954044937504051E-6,
      -8.7120287395497218E-6,
      0.00016084489247228384,
      -0.00097182307294606588,
      0.0014781028084293057,
      0.002078849295883266,
      -0.0046603644894035448,
      -1
    ],
    [
      -1.5922949335694035E-5,
      9.629491931567042E-5,
      -0.0079327426090212809,
      0.047720932907856804,
      0.044177784794066761,
      -0.45687675368714453,
      -1.1698635819810981,
      1.8
    ],
    [
      1.2801586559566737E-5,
      -7.7420726390569616E-5,
      0.00086115856542561312,
      -0.003042123552559711,
      0.00013777385352491646,
      0.084082817940132754,
      -0.15650011821601345,
      -0.6
    ],
    [
      1.0686501147600099E-7,
      -8.5715385971482258E-7,
      -5.5998712198399947E-5,
      0.00040458712558063246,
      -0.00064318415808474927,
      -0.00086347128417050829,
      0.001979551153982627,
      -1
    ],
    [
      -0.00015760990568378094,
      0.00095313361649631363,
      -0.00039153356229059609,
      -0.027973452423654337,
      0.11512587915856567,
      0.33128349482624203,
      -1.5634315916649941,
      -1.5
    ],
    [
      0.00012670131304609459,
      -0.00076621655667048945,
      -0.00065118728435291742,
      0.0026486240921532252,
      0.00502870030095699,
      0.070812872868214971,
      0.14389950265066781,
      -0.6
    ],
    [
      -2.6754379031090858E-8,
      1.404901435867348E-7,
      2.5680241078401137E-5,
      -0.00017797516653443715,
      0.00027626414750914837,
      0.00037371416678441677,
      -0.000842350852914961,
      -1
    ],
    [
      -0.0015601761046509495,
      0.0094350412234029749,
      -0.019239391345455176,
      0.0040722688228471615,
      -0.060083251265763311,
      0.44219143796636595,
      0.32913219162359636,
      -2.8
    ],
    [
      0.001254211542766026,
      -0.0075847448326421844,
      0.023330234905584526,
      -0.032772045912349418,
      -0.051471712097392458,
      0.013708378903466855,
      0.42980499529960292,
      0
    ],
    [
      -3.7440880159287369E-7,
      2.2620552942403995E-6,
      -1.7499701797487954E-5,
      8.51142691403289E-5,
      -0.00011283157092981833,
      -0.00016994696699546913,
      0.00034187768723363055,
      -1
    ],
    [
      -0.015444151143782527,
      0.09339727863673597,
      -0.1868728556548154,
      0.1676558827742928,
      -0.16117277736125335,
      -0.14375337422503684,
      1.0806292430043218,
      -1
    ],
    [
      0.012415414113890079,
      -0.075081231764209638,
      0.14092748032608721,
      -0.0856368302627267,
      0.10836060755341816,
      -0.19274080622586637,
      -0.2096929477117771,
      0.4
    ],
    [
      -3.7173336368268028E-6,
      2.2480062800145362E-5,
      -3.749897504157218E-5,
      -4.4373297751754137E-6,
      2.0354428489327579E-5,
      8.7120478949857428E-5,
      -0.00010162908983128679,
      -1
    ]
  ]
}