{
  "waypoints": [
    [
      0,
      0.1,
      0.8,
      1.8,
      2.5,
      1.8,
      -1.5,
      -2.8,
      -1,
      0
    ],
    [
      0,
      0.045,
      0.4,
      0.6,
      0,
      -0.6,
      -0.6,
      0,
      0.4,
      0
    ],
    [
      0,
      -0.5,
      -1,
      -1,
      -1,
      -1,
      -1,
      -1,
      -1,
      -1
    ]
  ],
  "waypoint_times": [
    0,
    0.8,
    1.6,
    2.4000000000000004,
    3.2,
    4,
    4.8000000000000007,
    5.6000000000000005,
    6.4,
    7.2
  ],
  "piecewise_polynomial_coefficients": [
    [
      -0.065348821699491341,
      0.20787659795907776,
      -0.39355174206841831,
      0.45939959267106339,
      0,
      0,
      0,
      0
    ],
    [
      0.12629463143862016,
      -0.4017471682710137,
      0.37298255042641665,
      0.0039325773057412149,
      0,
      0,
      0,
      0
    ],
    [
      6.4219917514436426,
      -20.428559581067454,
      23.749455543679083,
      -10.43404920479923,
      0,
      0,
      0,
      0
    ],
    [
      -0.00660257327003699,
      0.021002223875493883,
      0.02552258987776759,
      -0.22884439640222759,
      0.14316320252657869,
      0.57661979454288537,
      0.42364280914046315,
      0.1
    ],
    [
      0.012759153962665436,
      -0.040586653682078533,
      0.069863043084342644,
      -0.21636947125127551,
      0.096341403316315591,
      0.32550587460614222,
      0.213806768048106,
      0.045
    ],
    [
      0.64875291013726089,
      -2.0637035973158939,
      2.8189126089670067,
      -2.5020089336300257,
      1.4847816627537949,
      0.2089167705034839,
      -1.1098239992860788,
      -0.5
    ],
    [
      -0.0006769115330512997,
      0.0021456423878461728,
      0.0623149020202663,
      -0.037238973688469741,
      -0.30538600865684684,
      0.25572816669577736,
      1.2338810470440695,
      0.8
    ],
    [
      0.0012969078670894494,
      -0.0041193676064518406,
      0.12389014742243872,
      -0.10989964134675924,
      -0.38160953144368559,
      -0.077999835690250277,
      0.563163038422839,
      0.4
    ],
    [
      0.0655373503502853,
      -0.20847639331105214,
      0.241784803842972,
      -0.02178857129752924,
      -0.312409344260666,
      0.38236653744475352,
      -0.14269723538877277,
      -1
    ],
    [
      -0.00016654249491975765,
      0.000454201106792029,
      -0.26046383775931475,
      0.22120829399794867,
      -0.013468177217252384,
      -0.29261880566440496,
      1.1110368448669217,
      1.8
    ],
    [
      0.00020992467917613054,
      -0.0006070223192647451,
      -0.12600189788365251,
      0.36806977790419454,
      0.0360187066429635,
      -0.79794478753009312,
      -0.27139361256275152,
      0.6
    ],
    [
      0.0066205932194157834,
      -0.021060335345031603,
      -0.0012588404913444844,
      0.056831808052594371,
      -0.029964840701447351,
      -0.043043909172179644,
      0.03019586262595186,
      -1
    ],
    [
      -0.000988513902179368,
      0.0023963701765988394,
      0.66698918553783282,
      -0.81828551976613206,
      -0.9703067319563986,
      -0.80743284530026838,
      0.53717989082513684,
      2.5
    ],
    [
      0.00080233926333952705,
      -0.0019508565643511163,
      0.0079341710190325744,
      -0.13886717613883057,
      0.4042234211325203,
      0.054473343767650319,
      -0.984002578550092,
      0
    ],
    [
      0.00066858184465704625,
      -0.00212696014254415,
      0.015707509032022893,
      -0.037961838788338746,
      0.023095356382309411,
      0.012992808099470128,
      -0.011650911223708286,
      -1
    ],
    [
      -0.0097185963799473283,
      0.02350949993485222,
      -0.77468189337168669,
      1.8640989407416644,
      0.69027788754220931,
      -2.855479710522836,
      -2.9246589549526871,
      1.8
    ],
    [
      0.0078134683558170933,
      -0.018901544529960092,
      0.084097516173338341,
      -0.11883295129417967,
      0.00215271647031682,
      0.52551761212469139,
      -0.39125029553985186,
      -0.6
    ],
    [
      6.52252267441794E-5,
      -0.00020926607903593415,
      -0.0054686242382133779,
      0.015804184593252758,
      -0.010049752470239488,
      -0.0053966955261613271,
      0.0049488778850423146,
      -1
    ],
    [
      -0.096197452011356141,
      0.23269863624798856,
      -0.038235698712529478,
      -1.0927129857352826,
      1.7988418619671727,
      2.0705218426661243,
      -3.9085789791683805,
      -1.5
    ],
    [
      0.0773323443532676,
      -0.18706458894396338,
      -0.063592508309482237,
      0.1034618786205683,
      0.07857344220101696,
      0.44258045542709407,
      0.35974875662652223,
      -0.6
    ],
    [
      -1.6329577029061054E-5,
      3.4299351436894571E-5,
      0.0025078360428244448,
      -0.00695215494289042,
      0.0043166273049082523,
      0.0023357135424427033,
      -0.0021058771323239122,
      -1
    ],
    [
      -0.95225592332608922,
      2.3034768613484755,
      -1.878846811173728,
      0.15907300087650728,
      -0.93880080100268437,
      2.7636964872856811,
      0.82283047905890483,
      -2.8
    ],
    [
      0.76550997481966143,
      -1.8517443438657637,
      2.2783432524469367,
      -1.2801580434184232,
      -0.80424550153159491,
      0.085677368147507732,
      1.0745124882489818,
      0
    ],
    [
      -0.00022852099706522754,
      0.00055225959336422379,
      -0.0017089552537427764,
      0.0033247761383608638,
      -0.00176299329581085,
      -0.001062168543740297,
      0.00085469421809900394,
      -1
    ],
    [
      -9.42636178214081,
      22.802069979832069,
      -18.249302310251469,
      6.549057921001137,
      -2.5183246463043649,
      -0.898458588904951,
      2.701573107511305,
      -1
    ],
    [
      7.5777674035210847,
      -18.330378848751558,
      13.762449250660087,
      -3.3451886821582542,
      1.6931344930194876,
      -1.2046300389107552,
      -0.52423236927893724,
      0.4
    ],
    [
      -0.0022688803936148361,
      0.0054882965821434482,
      -0.0036620092815269345,
      -0.00017333319433987526,
      0.0003180379451502478,
      0.00054450299344597553,
      -0.00025407272458267342,
      -1
    ]
  ]
}