{
  "waypoints": [
    [
      0,
      5,
      20,
      20,
      0,
      0
    ],
    [
      0,
      0,
      0,
      5,
      5,
      0
    ],
    [
      0,
      -1,
      -1,
      -1,
      -1,
      -1
    ]
  ],
  "waypoint_times": [
    0,
    2,
    5,
    7,
    10,
    15
  ],
  "piecewise_polynomial_coefficients": [
    [
      -0.0796792466239647,
      0.63674658961440456,
      -1.8802922024276185,
      2.1635320193893413,
      0,
      0,
      0,
      0
    ],
    [
      -0.008048306013112131,
      0.06431935475954971,
      -0.17757183560074302,
      0.16225270026818445,
      0,
      0,
      0,
      0
    ],
    [
      0.02299460836228957,
      -0.18376067668693247,
      0.534423324464811,
      -0.58026080908020983,
      0,
      0,
      0,
      0
    ],
    [
      -0.001331393304255713,
      0.015788138172388947,
      -0.082401677529661682,
      0.25595385756386224,
      -0.64435571310561612,
      0.776120047287345,
      5.36869114467874,
      5
    ],
    [
      -0.00013250282981773826,
      0.0015767264811648066,
      -0.018441885955682406,
      0.093147469617098466,
      -0.020806427699083446,
      -0.28349854014243775,
      -0.26998541951823518,
      0
    ],
    [
      0.00038237956405969914,
      -0.0045394878339892449,
      0.02736738176495495,
      -0.11188166305230386,
      0.21011891892374968,
      0.17742095385468531,
      -0.79494531096709609,
      -1
    ],
    [
      -0.0012028966089683312,
      0.0087767224766704052,
      -0.0049254018723352676,
      -0.021659201159150977,
      -0.23796580448373883,
      -1.0615381473876502,
      3.123149815661443,
      20
    ],
    [
      -1.2408997511423078E-6,
      0.00016395057776585531,
      0.014563726157070045,
      -0.088742821815650907,
      -0.087019751009588475,
      0.81945849591023245,
      1.6809179673255312,
      0
    ],
    [
      0.00023495015463021696,
      -0.0018587762305538108,
      0.0012206710002936611,
      0.023972400778076587,
      -0.036674045102906165,
      -0.14812030701842491,
      0.27607088170055682,
      -1
    ],
    [
      -0.00072788648724376385,
      0.0066792091820422625,
      -0.040304634046756452,
      0.17180930613977122,
      0.12239800659450589,
      -2.10511907872273,
      -3.91948597987121,
      20
    ],
    [
      0.00013037848986331311,
      -0.0011863870641012934,
      -0.0011809380457059248,
      0.059431399089599511,
      -0.1888760906700846,
      -0.628875387126244,
      2.2707653211587493,
      5
    ],
    [
      1.9839630696670709E-5,
      -0.00019136961766041244,
      0.0017712119606321042,
      -0.013362685158491252,
      0.03809989083774383,
      0.016606929640025223,
      -0.14335574967809844,
      -1
    ],
    [
      -0.00073873781552127654,
      0.011256538271610599,
      -0.048429581563067474,
      0.0013016021618876071,
      0.0999073830305067,
      1.7927487313278645,
      -4.9895437569839922,
      0
    ],
    [
      0.00013587263126169435,
      -0.0020701977508974382,
      0.011073779342985276,
      -0.035607727289584175,
      0.14699027843936702,
      -0.21445677376982686,
      -1.7262611622123678,
      5
    ],
    [
      1.6823154418137333E-5,
      -0.00025649749400658874,
      0.0010543668125835327,
      0.00097915120463334254,
      -0.0099374951188306235,
      -0.015124272020442872,
      0.081378460616302009,
      -1
    ]
  ]
}