{
  "waypoints": [
    [
      0,
      0
    ],
    [
      0,
      0
    ],
    [
      0,
      -1
    ]
  ],
  "waypoint_times": [
    0,
    4
  ],
  "piecewise_polynomial_coefficients": [
    [
      0,
      0,
      0,
      0,
      0,
      0,
      0,
      0
    ],
    [
      0,
      0,
      0,
      0,
      0,
      0,
      0,
      0
    ],
    [
      0.0012207031249999987,
      -0.017089843749999986,
      0.082031249999999931,
      -0.13671874999999981,
      0,
      0,
      0,
      0
    ]
  ]
}